fecha,positivo,positivo_rapida,positivo_molecular,muestra,muestra_rapida,muestra_molecular,sintomaticos,defunciones,inicio,inicio_molecular,inicio_rapida,recuperado,total_positivo,total_positivo_rapida,total_positivo_molecular,total_muestra,total_muestra_rapida,total_muestra_molecular,total_recuperado,total_sintomaticos,total_defunciones,total_inicio,total_inicio_molecular,total_inicio_rapida,posi,posi_rapida,posi_molecular
2020-03-06,,,,,,,,,1,1,1,,0,0,0,0,0,0,0,0,0,1,1,1,,,
2020-03-07,,,,,,,,,2,1,1,,0,0,0,0,0,0,0,0,0,3,2,2,,,
2020-03-08,,,,,,,,,1,1,1,,0,0,0,0,0,0,0,0,0,4,3,3,,,
2020-03-09,,,,,,,,,1,1,1,,0,0,0,0,0,0,0,0,0,5,4,4,,,
2020-03-10,,,,,,,,,2,2,2,,0,0,0,0,0,0,0,0,0,7,6,6,,,
2020-03-11,,,,,,,,,0,0,0,,0,0,0,0,0,0,0,0,0,7,6,6,,,
2020-03-12,,,,,,,,,0,0,0,,0,0,0,0,0,0,0,0,0,7,6,6,,,
2020-03-13,1,0,1,3,0,3,1,0,0,0,0,,1,0,1,3,0,3,0,1,0,7,6,6,.33333334,,.33333334
2020-03-14,0,0,0,1,0,0,0,0,2,1,1,,1,0,1,4,0,3,0,1,0,9,7,7,0,,
2020-03-15,0,0,0,21,0,18,0,0,4,3,3,,1,0,1,25,0,21,0,1,0,13,10,10,0,,0
2020-03-16,0,0,0,2,0,2,0,0,3,2,2,,1,0,1,27,0,23,0,1,0,16,12,12,0,,0
2020-03-17,0,0,0,1,0,1,0,0,4,2,2,,1,0,1,28,0,24,0,1,0,20,14,14,0,,0
2020-03-18,3,0,3,16,0,16,3,0,5,4,4,,4,0,4,44,0,40,0,4,0,25,18,18,.1875,,.1875
2020-03-19,0,0,0,3,0,1,0,0,2,2,2,,4,0,4,47,0,41,0,4,0,27,20,20,0,,0
2020-03-20,1,1,0,16,0,14,0,0,7,5,5,,5,1,4,63,0,55,0,4,0,34,25,25,.0625,,0
2020-03-21,0,0,0,12,0,12,0,0,4,3,3,,5,1,4,75,0,67,0,4,0,38,28,28,0,,0
2020-03-22,3,1,2,5,0,4,2,0,4,3,3,,8,2,6,80,0,71,0,6,0,42,31,31,.60000002,,.5
2020-03-23,0,0,0,20,0,20,0,0,3,2,2,,8,2,6,100,0,91,0,6,0,45,33,33,0,,0
2020-03-24,4,0,4,14,0,13,4,1,8,7,7,,12,2,10,114,0,104,0,10,1,53,40,40,.2857143,,.30769232
2020-03-25,1,1,0,2,0,0,0,0,6,6,6,,13,3,10,116,0,104,0,10,1,59,46,46,.5,,
2020-03-26,0,0,0,1,0,1,0,0,5,4,4,,13,3,10,117,0,105,0,10,1,64,50,50,0,,0
2020-03-27,2,0,2,20,0,19,2,1,5,4,4,2,15,3,12,137,0,124,2,12,2,69,54,54,.1,,.10526316
2020-03-28,16,0,16,33,0,32,16,0,2,1,1,,31,3,28,170,0,156,2,28,2,71,55,55,.4848485,,.5
2020-03-29,0,0,0,1,0,0,0,0,4,2,2,,31,3,28,171,0,156,2,28,2,75,57,57,0,,
2020-03-30,6,0,6,27,0,24,6,0,4,2,2,,37,3,34,198,0,180,2,34,2,79,59,59,.22222222,,.25
2020-03-31,4,0,4,27,0,27,4,0,3,3,3,,41,3,38,225,0,207,2,38,2,82,62,62,.14814815,,.14814815
2020-04-01,1,1,0,3,0,0,0,0,10,0,0,4,42,4,38,228,0,207,6,38,2,92,62,62,.33333334,,
2020-04-02,7,1,6,19,0,15,6,1,4,1,1,,49,5,44,247,0,222,6,44,3,96,63,63,.36842105,,.40000001
2020-04-03,4,0,4,18,0,17,4,0,4,1,1,,53,5,48,265,0,239,6,48,3,100,64,64,.22222222,,.23529412
2020-04-04,12,8,4,654,0,8,5,0,7,3,3,,65,13,52,919,0,247,6,53,3,107,67,67,.018348623,,.5
2020-04-05,2,0,2,37,0,17,2,0,7,2,2,3,67,13,54,956,0,264,9,55,3,114,69,69,.054054055,,.11764706
2020-04-06,1,1,0,18,0,7,0,0,4,1,1,,68,14,54,974,0,271,9,55,3,118,70,70,.055555556,,0
2020-04-07,1,1,0,182,0,4,0,0,4,3,3,4,69,15,54,1156,0,275,13,55,3,122,73,73,.0054945056,,0
2020-04-08,5,3,2,20,0,11,4,0,2,0,0,1,74,18,56,1176,0,286,14,59,3,124,73,73,.25,,.18181819
2020-04-09,2,0,2,49,0,10,2,0,2,2,2,,76,18,58,1225,0,296,14,61,3,126,75,75,.040816326,,.2
2020-04-10,3,3,0,17,0,0,0,0,8,2,2,2,79,21,58,1242,0,296,16,61,3,134,77,77,.17647059,,
2020-04-11,39,38,1,85,0,8,3,0,3,0,0,22,118,59,59,1327,0,304,38,64,3,137,77,77,.45882353,,.125
2020-04-12,0,0,0,7,0,0,0,0,2,1,1,,118,59,59,1334,0,304,38,64,3,139,78,78,0,,
2020-04-13,1,0,1,47,0,7,0,0,2,0,0,6,119,59,60,1381,0,311,44,64,3,141,78,78,.021276595,,.14285715
2020-04-14,5,3,2,31,0,8,1,0,2,0,0,5,124,62,62,1412,0,319,49,65,3,143,78,78,.16129032,,.25
2020-04-15,1,1,0,157,0,0,0,0,11,1,1,3,125,63,62,1569,0,319,52,65,3,154,79,79,.0063694268,,
2020-04-16,8,6,2,525,0,6,2,0,3,0,0,7,133,69,64,2094,0,325,59,67,3,157,79,79,.015238095,,.33333334
2020-04-17,11,10,1,394,0,9,1,0,10,0,0,6,144,79,65,2488,0,334,65,68,3,167,79,79,.027918782,,.11111111
2020-04-18,14,14,0,622,0,28,2,0,7,1,1,38,158,93,65,3110,0,362,103,70,3,174,80,80,.022508038,,0
2020-04-19,0,0,0,326,0,0,0,0,8,1,1,2,158,93,65,3436,0,362,105,70,3,182,81,81,0,,
2020-04-20,18,18,0,742,0,2,4,0,20,1,1,1,176,111,65,4178,0,364,106,74,3,202,82,82,.024258761,,0
2020-04-21,6,6,0,502,0,11,3,0,13,0,0,3,182,117,65,4680,0,375,109,77,3,215,82,82,.011952192,,0
2020-04-22,23,22,1,516,0,5,5,1,10,1,1,3,205,139,66,5196,0,380,112,82,4,225,83,83,.044573642,,.2
2020-04-23,23,21,2,347,0,3,2,0,12,1,1,6,228,160,68,5543,0,383,118,84,4,237,84,84,.066282421,,.66666669
2020-04-24,9,8,1,367,0,37,2,0,11,0,0,10,237,168,69,5910,0,420,128,86,4,248,84,84,.024523161,,.027027028
2020-04-25,13,13,0,239,0,8,1,0,8,0,0,18,250,181,69,6149,0,428,146,87,4,256,84,84,.054393306,,0
2020-04-26,0,0,0,18,0,7,0,0,2,1,1,,250,181,69,6167,0,435,146,87,4,258,85,85,0,,0
2020-04-27,14,14,0,240,0,13,2,0,9,2,2,16,264,195,69,6407,0,448,162,89,4,267,87,87,.058333334,,0
2020-04-28,21,21,0,203,0,12,3,0,11,2,2,7,285,216,69,6610,0,460,169,92,4,278,89,89,.10344828,,0
2020-04-29,23,21,2,425,0,29,9,0,10,0,0,11,308,237,71,7035,0,489,180,101,4,288,89,89,.054117646,,.068965517
2020-04-30,39,39,0,423,0,12,10,0,12,0,0,14,347,276,71,7458,0,501,194,111,4,300,89,89,.092198581,,0
2020-05-01,5,5,0,95,0,29,1,0,29,1,1,4,352,281,71,7553,0,530,198,112,4,329,90,90,.052631579,,0
2020-05-02,16,16,0,170,0,4,4,0,11,2,2,13,368,297,71,7723,0,534,211,116,4,340,92,92,.094117649,,0
2020-05-03,3,3,0,44,0,0,1,0,6,2,2,,371,300,71,7767,0,534,211,117,4,346,94,94,.06818182,,
2020-05-04,11,10,1,440,0,21,4,0,9,2,2,16,382,310,72,8207,0,555,227,121,4,355,96,96,.025,,.047619049
2020-05-05,29,29,0,663,0,22,4,0,20,3,3,22,411,339,72,8870,0,577,249,125,4,375,99,99,.043740574,,0
2020-05-06,55,51,4,1017,0,11,7,0,16,3,3,25,466,390,76,9887,0,588,274,132,4,391,102,102,.054080628,,.36363637
2020-05-07,47,44,3,552,0,11,7,1,9,2,2,49,513,434,79,10439,0,599,323,139,5,400,104,104,.08514493,,.27272728
2020-05-08,47,46,1,679,0,16,8,0,4,0,0,9,560,480,80,11118,0,615,332,147,5,404,104,104,.06921944,,.0625
2020-05-09,14,14,0,326,0,14,1,0,7,1,1,16,574,494,80,11444,0,629,348,148,5,411,105,105,.042944785,,0
2020-05-10,2,2,0,98,0,0,1,1,16,0,0,3,576,496,80,11542,0,629,351,149,6,427,105,105,.020408163,,
2020-05-11,63,63,0,851,0,15,5,0,10,1,1,9,639,559,80,12393,0,644,360,154,6,437,106,106,.074030556,,0
2020-05-12,44,43,1,735,0,30,2,0,16,7,7,15,683,602,81,13128,0,674,375,156,6,453,113,113,.059863947,,.033333335
2020-05-13,76,74,2,1176,0,10,8,1,8,5,5,40,759,676,83,14304,0,684,415,164,7,461,118,118,.064625852,,.2
2020-05-14,39,39,0,426,0,23,5,0,5,2,2,23,798,715,83,14730,0,707,438,169,7,466,120,120,.091549292,,0
2020-05-15,10,9,1,450,0,15,4,2,17,5,5,22,808,724,84,15180,0,722,460,173,9,483,125,125,.022222223,,.06666667
2020-05-16,16,16,0,399,0,29,1,0,12,5,5,7,824,740,84,15579,0,751,467,174,9,495,130,130,.04010025,,0
2020-05-17,1,1,0,62,0,0,0,0,9,3,3,1,825,741,84,15641,0,751,468,174,9,504,133,133,.016129032,,
2020-05-18,19,18,1,349,0,14,2,0,16,6,6,50,844,759,85,15990,0,765,518,176,9,520,139,139,.054441262,,.071428575
2020-05-19,53,53,0,944,0,18,3,1,6,3,3,34,897,812,85,16934,0,783,552,179,10,526,142,142,.056144066,,0
2020-05-20,37,36,1,711,0,15,3,0,17,4,4,69,934,848,86,17645,0,798,621,182,10,543,146,146,.052039381,,.06666667
2020-05-21,49,44,5,950,0,16,12,0,3,1,1,49,983,892,91,18595,0,814,670,194,10,546,147,147,.051578946,,.3125
2020-05-22,47,44,3,883,0,11,5,0,13,6,6,33,1030,936,94,19478,0,825,703,199,10,559,153,153,.053227633,,.27272728
2020-05-23,34,33,1,505,0,15,4,0,4,0,0,16,1064,969,95,19983,0,840,719,203,10,563,153,153,.067326732,,.06666667
2020-05-24,5,5,0,106,0,0,1,1,12,3,3,2,1069,974,95,20089,0,840,721,204,11,575,156,156,.047169812,,
2020-05-25,45,38,7,691,0,24,12,0,26,7,7,25,1114,1012,102,20780,0,864,746,216,11,601,163,163,.065123007,,.29166666
2020-05-26,32,29,3,739,0,18,4,0,11,5,5,67,1146,1041,105,21519,0,882,813,220,11,612,168,168,.043301757,,.16666667
2020-05-27,46,44,2,1009,0,11,5,0,9,2,2,48,1192,1085,107,22528,0,893,861,225,11,621,170,170,.045589693,,.18181819
2020-05-28,53,53,0,943,0,1,5,0,15,3,3,42,1245,1138,107,23471,0,894,903,230,11,636,173,173,.056203604,,0
2020-05-29,66,62,4,835,0,23,6,0,16,12,12,27,1311,1200,111,24306,0,917,930,236,11,652,185,185,.079041913,,.17391305
2020-05-30,29,29,0,582,0,0,3,0,16,3,3,28,1340,1229,111,24888,0,917,958,239,11,668,188,188,.049828179,,
2020-05-31,4,4,0,158,0,0,1,0,13,10,10,3,1344,1233,111,25046,0,917,961,240,11,681,198,198,.025316456,,
2020-06-01,44,41,3,996,0,39,8,0,37,12,12,24,1388,1274,114,26042,0,956,985,248,11,718,210,210,.044176705,,.07692308
2020-06-02,43,38,5,835,0,17,8,0,20,10,10,20,1431,1312,119,26877,0,973,1005,256,11,738,220,220,.051497005,,.29411766
2020-06-03,46,42,4,742,0,9,11,2,18,6,6,45,1477,1354,123,27619,0,982,1050,267,13,756,226,226,.061994608,,.44444445
2020-06-04,67,65,2,1280,0,8,16,2,26,13,13,55,1544,1419,125,28899,0,990,1105,283,15,782,239,239,.052343749,,.25
2020-06-05,44,38,6,1081,0,11,9,1,17,6,6,63,1588,1457,131,29980,0,1001,1168,292,16,799,245,245,.040703055,,.54545456
2020-06-06,78,44,34,895,0,41,35,0,24,12,12,30,1666,1501,165,30875,0,1042,1198,327,16,823,257,257,.087150835,,.82926828
2020-06-07,27,14,13,212,0,13,17,1,29,20,20,6,1693,1515,178,31087,0,1055,1204,344,17,852,277,277,.1273585,,1
2020-06-08,47,46,1,1472,0,8,4,0,36,12,12,53,1740,1561,179,32559,0,1063,1257,348,17,888,289,289,.031929348,,.125
2020-06-09,109,103,6,1709,0,18,9,1,12,2,2,42,1849,1664,185,34268,0,1081,1299,357,18,900,291,291,.063779987,,.33333334
2020-06-10,50,44,6,1433,0,26,9,0,26,16,16,37,1899,1708,191,35701,0,1107,1336,366,18,926,307,307,.034891836,,.23076923
2020-06-11,42,40,2,1222,0,19,10,1,12,8,8,57,1941,1748,193,36923,0,1126,1393,376,19,938,315,315,.034369886,,.10526316
2020-06-12,75,47,28,1624,0,50,32,1,23,12,12,49,2016,1795,221,38547,0,1176,1442,408,20,961,327,327,.046182267,,.56
2020-06-13,36,27,9,1274,0,29,13,2,19,15,15,36,2052,1822,230,39821,0,1205,1478,421,22,980,342,342,.028257458,,.31034482
2020-06-14,16,16,0,120,0,0,1,0,18,9,9,13,2068,1838,230,39941,0,1205,1491,422,22,998,351,351,.13333334,,
2020-06-15,67,63,4,1493,0,21,10,2,37,10,10,41,2135,1901,234,41434,0,1226,1532,432,24,1035,361,361,.044876087,,.19047619
2020-06-16,63,57,6,1682,0,27,11,1,18,4,4,101,2198,1958,240,43116,0,1253,1633,443,25,1053,365,365,.03745541,,.22222222
2020-06-17,60,42,18,1677,0,36,23,4,22,5,5,55,2258,2000,258,44793,0,1289,1688,466,29,1075,370,370,.035778176,,.5
2020-06-18,44,38,6,1655,0,28,10,0,21,6,6,51,2302,2038,264,46448,0,1317,1739,476,29,1096,376,376,.026586102,,.21428572
2020-06-19,59,49,10,1496,0,24,13,2,16,7,7,59,2361,2087,274,47944,0,1341,1798,489,31,1112,383,383,.039438501,,.41666666
2020-06-20,65,36,29,1247,0,42,33,0,35,14,14,79,2426,2123,303,49191,0,1383,1877,522,31,1147,397,397,.0521251,,.69047618
2020-06-21,6,6,0,257,0,0,0,0,26,11,11,27,2432,2129,303,49448,0,1383,1904,522,31,1173,408,408,.023346303,,
2020-06-22,68,68,0,1555,0,15,3,0,20,12,12,73,2500,2197,303,51003,0,1398,1977,525,31,1193,420,420,.043729905,,0
2020-06-23,114,107,7,1877,0,17,9,0,15,7,7,73,2614,2304,310,52880,0,1415,2050,534,31,1208,427,427,.060735215,,.41176471
2020-06-24,64,64,0,1128,0,0,11,0,26,10,10,56,2678,2368,310,54008,0,1415,2106,545,31,1234,437,437,.056737587,,
2020-06-25,83,75,8,1806,0,16,13,3,22,7,7,45,2761,2443,318,55814,0,1431,2151,558,34,1256,444,444,.045957919,,.5
2020-06-26,103,86,17,2585,0,33,26,1,28,11,11,74,2864,2529,335,58399,0,1464,2225,584,35,1284,455,455,.039845262,,.5151515
2020-06-27,86,82,4,1756,0,26,16,0,23,11,11,36,2950,2611,339,60155,0,1490,2261,600,35,1307,466,466,.048974942,,.15384616
2020-06-28,29,28,1,337,0,1,1,3,33,14,14,7,2979,2639,340,60492,0,1491,2268,601,38,1340,480,480,.086053416,,1
2020-06-29,96,85,11,1695,0,19,17,0,23,12,12,58,3075,2724,351,62187,0,1510,2326,618,38,1363,492,492,.056637168,,.57894737
2020-06-30,93,79,14,2569,0,35,17,1,25,14,14,92,3168,2803,365,64756,0,1545,2418,635,39,1388,506,506,.036200855,,.40000001
2020-07-01,124,120,4,3090,0,10,16,3,91,28,28,77,3292,2923,369,67846,0,1555,2495,651,42,1479,534,534,.040129449,,.40000001
2020-07-02,151,135,16,3044,0,28,43,3,60,20,20,83,3443,3058,385,70890,0,1583,2578,694,45,1539,554,554,.049605783,,.5714286
2020-07-03,135,120,15,3479,0,36,17,2,61,30,30,78,3578,3178,400,74369,0,1619,2656,711,47,1600,584,584,.038804255,,.41666666
2020-07-04,98,96,2,2345,0,17,10,1,55,27,27,112,3676,3274,402,76714,0,1636,2768,721,48,1655,611,611,.041791044,,.11764706
2020-07-05,45,32,13,694,0,28,18,2,96,50,50,15,3721,3306,415,77408,0,1664,2783,739,50,1751,661,661,.064841501,,.4642857
2020-07-06,160,145,15,2529,0,23,24,0,94,57,57,105,3881,3451,430,79937,0,1687,2888,763,50,1845,718,718,.063266113,,.65217394
2020-07-07,148,126,22,3264,0,45,32,1,76,43,43,92,4029,3577,452,83201,0,1732,2980,795,51,1921,761,761,.045343138,,.48888889
2020-07-08,128,112,16,2225,0,37,27,2,61,30,30,101,4157,3689,468,85426,0,1769,3081,822,53,1982,791,791,.05752809,,.43243244
2020-07-09,132,110,22,2553,0,37,28,3,51,29,29,130,4289,3799,490,87979,0,1806,3211,850,56,2033,820,820,.051703878,,.5945946
2020-07-10,188,147,41,2761,0,47,55,6,156,84,84,124,4477,3946,531,90740,0,1853,3335,905,62,2189,904,904,.068091273,,.87234044
2020-07-11,180,133,47,2219,0,61,58,5,100,58,58,80,4657,4079,578,92959,0,1914,3415,963,67,2289,962,962,.081117623,,.77049178
2020-07-12,37,37,0,491,0,0,2,5,98,58,58,36,4694,4116,578,93450,0,1914,3451,965,72,2387,1020,1020,.075356416,,
2020-07-13,256,198,58,3025,0,90,72,1,111,64,64,133,4950,4314,636,96475,0,2004,3584,1037,73,2498,1084,1084,.084628098,,.64444447
2020-07-14,303,248,55,3076,0,74,76,3,117,48,48,137,5253,4562,691,99551,0,2078,3721,1113,76,2615,1132,1132,.098504551,,.74324322
2020-07-15,278,219,59,3878,0,99,76,4,174,84,84,126,5531,4781,750,103429,0,2177,3847,1189,80,2789,1216,1216,.071686439,,.5959596
2020-07-16,323,285,38,3213,0,48,64,6,119,66,66,126,5854,5066,788,106642,0,2225,3973,1253,86,2908,1282,1282,.1005291,,.79166669
2020-07-17,345,285,60,3781,0,77,76,5,158,90,90,172,6199,5351,848,110423,0,2302,4145,1329,91,3066,1372,1372,.091245703,,.77922076
2020-07-18,267,188,79,3242,0,140,101,6,183,103,103,135,6466,5539,927,113665,0,2442,4280,1430,97,3249,1475,1475,.082356572,,.5642857
2020-07-19,55,55,0,658,0,1,8,4,176,95,95,52,6521,5594,927,114323,0,2443,4332,1438,101,3425,1570,1570,.083586626,,0
2020-07-20,364,324,40,3741,0,56,100,7,316,148,148,211,6885,5918,967,118064,0,2499,4543,1538,108,3741,1718,1718,.097300187,,.71428573
2020-07-21,419,294,125,3408,0,181,157,4,199,109,109,239,7304,6212,1092,121472,0,2680,4782,1695,112,3940,1827,1827,.12294601,,.69060773
2020-07-22,421,306,115,3669,0,194,166,18,238,130,130,180,7725,6518,1207,125141,0,2874,4962,1861,130,4178,1957,1957,.11474516,,.59278351
2020-07-23,373,323,50,3358,0,62,108,9,173,94,94,274,8098,6841,1257,128499,0,2936,5236,1969,139,4351,2051,2051,.11107802,,.80645162
2020-07-24,465,383,82,4421,0,134,135,6,203,119,119,301,8563,7224,1339,132920,0,3070,5537,2104,145,4554,2170,2170,.10517982,,.61194032
2020-07-25,523,377,146,3225,0,247,190,12,260,124,124,224,9086,7601,1485,136145,0,3317,5761,2294,157,4814,2294,2294,.16217054,,.59109312
2020-07-26,226,119,107,1074,0,168,128,9,245,130,130,51,9312,7720,1592,137219,0,3485,5812,2422,166,5059,2424,2424,.21042831,,.63690478
2020-07-27,532,476,56,4251,0,87,151,17,340,176,176,333,9844,8196,1648,141470,0,3572,6145,2573,183,5399,2600,2600,.12514703,,.64367819
2020-07-28,336,317,19,2252,0,57,65,23,318,136,136,342,10180,8513,1667,143722,0,3629,6487,2638,206,5717,2736,2736,.14920071,,.33333334
2020-07-29,686,535,151,4050,0,252,226,12,219,106,106,374,10866,9048,1818,147772,0,3881,6861,2864,218,5936,2842,2842,.16938272,,.59920633
2020-07-30,691,529,162,4518,0,259,246,23,210,104,104,321,11557,9577,1980,152290,0,4140,7182,3110,241,6146,2946,2946,.15294378,,.62548262
2020-07-31,722,619,103,5062,0,177,186,33,208,107,107,403,12279,10196,2083,157352,0,4317,7585,3296,274,6354,3053,3053,.14263137,,.58192092
2020-08-01,593,534,59,3736,0,93,118,28,509,201,201,378,12872,10730,2142,161088,0,4410,7963,3414,302,6863,3254,3254,.15872592,,.63440859
2020-08-02,188,187,1,1040,0,1,56,22,214,83,83,102,13060,10917,2143,162128,0,4411,8065,3470,324,7077,3337,3337,.18076923,,1
2020-08-03,906,799,107,5308,0,175,204,19,247,74,74,461,13966,11716,2250,167436,0,4586,8526,3674,343,7324,3411,3411,.17068575,,.61142856
2020-08-04,862,805,57,5117,0,90,162,21,202,73,73,434,14828,12521,2307,172553,0,4676,8960,3836,364,7526,3484,3484,.16845807,,.63333333
2020-08-05,839,685,154,4255,0,213,284,15,258,77,77,581,15667,13206,2461,176808,0,4889,9541,4120,379,7784,3561,3561,.19717979,,.7230047
2020-08-06,879,715,164,4716,0,265,250,27,196,78,78,526,16546,13921,2625,181524,0,5154,10067,4370,406,7980,3639,3639,.18638676,,.61886793
2020-08-07,918,797,121,4610,0,210,235,27,202,94,94,632,17464,14718,2746,186134,0,5364,10699,4605,433,8182,3733,3733,.19913232,,.57619047
2020-08-08,771,602,169,3694,0,260,259,30,231,83,83,622,18235,15320,2915,189828,0,5624,11321,4864,463,8413,3816,3816,.20871684,,.64999998
2020-08-09,173,168,5,834,0,7,31,18,185,66,66,281,18408,15488,2920,190662,0,5631,11602,4895,481,8598,3882,3882,.20743406,,.71428573
2020-08-10,1135,1009,126,5298,0,250,238,16,402,121,121,830,19543,16497,3046,195960,0,5881,12432,5133,497,9000,4003,4003,.21423179,,.50400001
2020-08-11,1320,1141,179,5312,0,308,330,23,169,54,54,700,20863,17638,3225,201272,0,6189,13132,5463,520,9169,4057,4057,.24849397,,.58116883
2020-08-12,1031,919,112,4462,0,191,241,20,206,80,80,833,21894,18557,3337,205734,0,6380,13965,5704,540,9375,4137,4137,.23106231,,.58638746
2020-08-13,1088,985,103,4458,0,215,203,29,156,55,55,874,22982,19542,3440,210192,0,6595,14839,5907,569,9531,4192,4192,.24405563,,.47906977
2020-08-14,1087,948,139,4729,0,260,240,29,228,86,86,883,24069,20490,3579,214921,0,6855,15722,6147,598,9759,4278,4278,.22985832,,.5346154
2020-08-15,961,816,145,3608,0,266,231,30,284,85,85,692,25030,21306,3724,218529,0,7121,16414,6378,628,10043,4363,4363,.26635256,,.54511279
2020-08-16,157,156,1,834,0,3,21,31,143,59,59,193,25187,21462,3725,219363,0,7124,16607,6399,659,10186,4422,4422,.18824939,,.33333334
2020-08-17,1238,1150,88,5493,0,161,207,27,199,68,68,1054,26425,22612,3813,224856,0,7285,17661,6606,686,10385,4490,4490,.22537775,,.54658383
2020-08-18,1095,954,141,4485,0,275,287,25,204,82,82,1087,27520,23566,3954,229341,0,7560,18748,6893,711,10589,4572,4572,.24414715,,.51272726
2020-08-19,1446,1297,149,5015,0,301,287,27,124,50,50,1018,28966,24863,4103,234356,0,7861,19766,7180,738,10713,4622,4622,.288335,,.4950166
2020-08-20,1684,1531,153,7023,0,260,277,29,271,112,112,1088,30650,26394,4256,241379,0,8121,20854,7457,767,10984,4734,4734,.23978357,,.58846152
2020-08-21,1621,1593,28,6461,0,66,200,26,129,59,59,1051,32271,27987,4284,247840,0,8187,21905,7657,793,11113,4793,4793,.25088996,,.42424244
2020-08-22,1467,1340,127,5504,0,262,272,19,118,54,54,967,33738,29327,4411,253344,0,8449,22872,7929,812,11231,4847,4847,.26653343,,.48473284
2020-08-23,316,316,0,1403,0,0,28,15,106,31,31,138,34054,29643,4411,254747,0,8449,23010,7957,827,11337,4878,4878,.22523165,,
2020-08-24,2987,2903,84,9165,0,209,464,15,130,42,42,1249,37041,32546,4495,263912,0,8658,24259,8421,842,11467,4920,4920,.32591382,,.40191388
2020-08-25,1113,1042,71,4524,0,153,178,16,119,34,34,1316,38154,33588,4566,268436,0,8811,25575,8599,858,11586,4954,4954,.24602123,,.46405229
2020-08-26,1101,996,105,4184,0,165,197,15,88,26,26,1446,39255,34584,4671,272620,0,8976,27021,8796,873,11674,4980,4980,.26314533,,.63636363
2020-08-27,1166,1131,35,4693,0,79,133,21,82,33,33,1680,40421,35715,4706,277313,0,9055,28701,8929,894,11756,5013,5013,.24845515,,.44303799
2020-08-28,1391,1233,158,6049,0,333,266,21,87,31,31,1742,41812,36948,4864,283362,0,9388,30443,9195,915,11843,5044,5044,.22995536,,.47447446
2020-08-29,792,719,73,4034,0,236,136,18,65,30,30,1504,42604,37667,4937,287396,0,9624,31947,9331,933,11908,5074,5074,.19633119,,.30932203
2020-08-30,124,124,0,719,0,0,15,18,69,30,30,318,42728,37791,4937,288115,0,9624,32265,9346,951,11977,5104,5104,.17246175,,
2020-08-31,1060,999,61,4990,0,168,168,23,65,24,24,3009,43788,38790,4998,293105,0,9792,35274,9514,974,12042,5128,5128,.21242484,,.36309522
2020-09-01,898,858,40,4390,0,133,128,7,166,39,39,1172,44686,39648,5038,297495,0,9925,36446,9642,981,12208,5167,5167,.20455581,,.30075186
2020-09-02,837,783,54,4066,0,165,131,13,71,24,24,1203,45523,40431,5092,301561,0,10090,37649,9773,994,12279,5191,5191,.20585342,,.32727271
2020-09-03,733,702,31,3628,0,123,108,5,49,14,14,1343,46256,41133,5123,305189,0,10213,38992,9881,999,12328,5205,5205,.20203969,,.25203252
2020-09-04,749,706,43,3662,0,176,134,5,51,20,20,1323,47005,41839,5166,308851,0,10389,40315,10015,1004,12379,5225,5225,.20453304,,.24431819
2020-09-05,486,454,32,2780,0,127,105,10,59,30,30,905,47491,42293,5198,311631,0,10516,41220,10120,1014,12438,5255,5255,.17482014,,.2519685
2020-09-06,115,115,0,1042,0,0,9,6,33,18,18,155,47606,42408,5198,312673,0,10516,41375,10129,1020,12471,5273,5273,.11036468,,
2020-09-07,1237,1196,41,4976,0,192,143,2,55,22,22,1179,48843,43604,5239,317649,0,10708,42554,10272,1022,12526,5295,5295,.24859324,,.21354167
2020-09-08,1273,1250,23,5561,0,106,124,9,46,17,17,972,50116,44854,5262,323210,0,10814,43526,10396,1031,12572,5312,5312,.22891566,,.21698113
2020-09-09,885,845,40,4714,0,180,118,7,37,10,10,915,51001,45699,5302,327924,0,10994,44441,10514,1038,12609,5322,5322,.18773866,,.22222222
2020-09-10,705,673,32,3781,0,165,80,10,72,31,31,782,51706,46372,5334,331705,0,11159,45223,10594,1048,12681,5353,5353,.1864586,,.19393939
2020-09-11,737,717,20,3828,0,113,77,9,35,17,17,906,52443,47089,5354,335533,0,11272,46129,10671,1057,12716,5370,5370,.19252874,,.17699115
2020-09-12,490,473,17,2741,0,77,74,9,34,15,15,568,52933,47562,5371,338274,0,11349,46697,10745,1066,12750,5385,5385,.17876688,,.22077923
2020-09-13,208,208,0,875,0,0,20,4,31,12,12,117,53141,47770,5371,339149,0,11349,46814,10765,1070,12781,5397,5397,.23771429,,
2020-09-14,710,668,42,3925,0,196,94,9,32,11,11,1216,53851,48438,5413,343074,0,11545,48030,10859,1079,12813,5408,5408,.18089172,,.21428572
2020-09-15,567,556,11,3585,0,122,60,7,51,14,14,1239,54418,48994,5424,346659,0,11667,49269,10919,1086,12864,5422,5422,.158159,,.090163931
2020-09-16,517,502,15,3505,0,104,53,3,24,12,12,886,54935,49496,5439,350164,0,11771,50155,10972,1089,12888,5434,5434,.14750357,,.14423077
2020-09-17,375,360,15,2478,0,129,42,7,29,12,12,718,55310,49856,5454,352642,0,11900,50873,11014,1096,12917,5446,5446,.15133172,,.11627907
2020-09-18,346,326,20,2516,0,175,36,5,38,14,14,804,55656,50182,5474,355158,0,12075,51677,11050,1101,12955,5460,5460,.13751987,,.11428571
2020-09-19,283,271,12,2111,0,199,42,2,32,12,12,513,55939,50453,5486,357269,0,12274,52190,11092,1103,12987,5472,5472,.13405968,,.060301509
2020-09-20,62,62,0,405,0,0,3,5,57,19,19,194,56001,50515,5486,357674,0,12274,52384,11095,1108,13044,5491,5491,.15308642,,
2020-09-21,447,422,25,2848,0,220,51,4,29,13,13,838,56448,50937,5511,360522,0,12494,53222,11146,1112,13073,5504,5504,.15695225,,.11363637
2020-09-22,368,342,26,2451,0,232,44,4,18,5,5,672,56816,51279,5537,362973,0,12726,53894,11190,1116,13091,5509,5509,.1501428,,.11206897
2020-09-23,435,412,23,2901,0,173,40,4,19,12,12,594,57251,51691,5560,365874,0,12899,54488,11230,1120,13110,5521,5521,.1499483,,.13294798
2020-09-24,414,391,23,2463,0,135,55,8,25,17,17,417,57665,52082,5583,368337,0,13034,54905,11285,1128,13135,5538,5538,.16808769,,.17037037
2020-09-25,450,430,20,3166,0,139,49,6,23,9,9,367,58115,52512,5603,371503,0,13173,55272,11334,1134,13158,5547,5547,.14213519,,.1438849
2020-09-26,294,289,5,2251,0,62,32,7,16,10,10,296,58409,52801,5608,373754,0,13235,55568,11366,1141,13174,5557,5557,.13060862,,.080645159
2020-09-27,41,41,0,393,0,0,2,3,13,7,7,78,58450,52842,5608,374147,0,13235,55646,11368,1144,13187,5564,5564,.1043257,,
2020-09-28,327,309,18,2784,0,77,42,6,12,4,4,471,58777,53151,5626,376931,0,13312,56117,11410,1150,13199,5568,5568,.1174569,,.23376623
2020-09-29,533,516,17,2933,0,119,63,4,12,3,3,367,59310,53667,5643,379864,0,13431,56484,11473,1154,13211,5571,5571,.18172519,,.14285715
2020-09-30,458,440,18,2973,0,113,29,3,20,9,9,425,59768,54107,5661,382837,0,13544,56909,11502,1157,13231,5580,5580,.15405315,,.15929204
2020-10-01,459,448,11,2859,0,136,33,6,41,9,9,400,60227,54555,5672,385696,0,13680,57309,11535,1163,13272,5589,5589,.16054565,,.080882356
2020-10-02,414,404,10,2513,0,100,27,4,27,6,6,436,60641,54959,5682,388209,0,13780,57745,11562,1167,13299,5595,5595,.16474333,,.1
2020-10-03,406,403,3,2243,0,66,21,2,18,4,4,306,61047,55362,5685,390452,0,13846,58051,11583,1169,13317,5599,5599,.18100758,,.045454547
2020-10-04,100,100,0,507,0,0,7,1,7,1,1,47,61147,55462,5685,390959,0,13846,58098,11590,1170,13324,5600,5600,.19723865,,
2020-10-05,296,289,7,2009,0,90,23,3,21,4,4,350,61443,55751,5692,392968,0,13936,58448,11613,1173,13345,5604,5604,.14733699,,.077777781
2020-10-06,233,211,22,1704,0,85,30,3,12,5,5,546,61676,55962,5714,394672,0,14021,58994,11643,1176,13357,5609,5609,.13673709,,.25882354
2020-10-07,193,187,6,1663,0,87,21,1,12,1,1,456,61869,56149,5720,396335,0,14108,59450,11664,1177,13369,5610,5610,.11605532,,.068965517
2020-10-08,400,396,4,2813,0,98,21,4,11,3,3,463,62269,56545,5724,399148,0,14206,59913,11685,1181,13380,5613,5613,.14219694,,.040816326
2020-10-09,497,495,2,3375,0,40,28,0,9,2,2,434,62766,57040,5726,402523,0,14246,60347,11713,1181,13389,5615,5615,.14725927,,.050000001
2020-10-10,535,531,4,3210,0,77,49,1,24,7,7,400,63301,57571,5730,405733,0,14323,60747,11762,1182,13413,5622,5622,.16666667,,.051948052
2020-10-11,60,60,0,597,0,1,7,1,14,4,4,97,63361,57631,5730,406330,0,14324,60844,11769,1183,13427,5626,5626,.10050251,,0
2020-10-12,911,907,4,3523,0,65,42,1,19,3,3,310,64272,58538,5734,409853,0,14389,61154,11811,1184,13446,5629,5629,.25858644,,.061538462
2020-10-13,580,573,7,2345,0,89,51,3,13,5,5,247,64852,59111,5741,412198,0,14478,61401,11862,1187,13459,5634,5634,.24733475,,.078651689
2020-10-14,391,385,6,2350,0,54,30,2,11,4,4,242,65243,59496,5747,414548,0,14532,61643,11892,1189,13470,5638,5638,.16638298,,.11111111
2020-10-15,343,341,2,2140,0,77,22,0,25,11,11,427,65586,59837,5749,416688,0,14609,62070,11914,1189,13495,5649,5649,.16028038,,.025974026
2020-10-16,326,321,5,2209,0,97,22,3,20,10,10,505,65912,60158,5754,418897,0,14706,62575,11936,1192,13515,5659,5659,.14757809,,.051546391
2020-10-17,150,150,0,1484,0,38,11,3,12,7,7,536,66062,60308,5754,420381,0,14744,63111,11947,1195,13527,5666,5666,.10107817,,0
2020-10-18,59,47,12,409,0,13,7,5,8,4,4,61,66121,60355,5766,420790,0,14757,63172,11954,1200,13535,5670,5670,.14425428,,.92307693
2020-10-19,234,230,4,1717,0,46,16,7,7,4,4,790,66355,60585,5770,422507,0,14803,63962,11970,1207,13542,5674,5674,.13628422,,.086956523
2020-10-20,328,317,11,2238,0,88,31,1,31,10,10,523,66683,60902,5781,424745,0,14891,64485,12001,1208,13573,5684,5684,.14655943,,.125
2020-10-21,194,179,15,1402,0,94,33,2,11,4,4,361,66877,61081,5796,426147,0,14985,64846,12034,1210,13584,5688,5688,.13837375,,.15957446
2020-10-22,271,258,13,1821,0,60,25,2,10,4,4,314,67148,61339,5809,427968,0,15045,65160,12059,1212,13594,5692,5692,.14881933,,.21666667
2020-10-23,224,223,1,1789,0,42,11,2,4,1,1,324,67372,61562,5810,429757,0,15087,65484,12070,1214,13598,5693,5693,.12520961,,.023809524
2020-10-24,188,185,3,1394,0,25,17,3,9,2,2,165,67560,61747,5813,431151,0,15112,65649,12087,1217,13607,5695,5695,.1348637,,.12
2020-10-25,31,31,0,342,0,0,3,2,19,0,0,47,67591,61778,5813,431493,0,15112,65696,12090,1219,13626,5695,5695,.090643272,,
2020-10-26,257,246,11,1620,0,61,25,1,21,3,3,370,67848,62024,5824,433113,0,15173,66066,12115,1220,13647,5698,5698,.15864198,,.18032786
2020-10-27,207,206,1,1552,0,60,16,2,7,2,2,393,68055,62230,5825,434665,0,15233,66459,12131,1222,13654,5700,5700,.13337629,,.016666668
2020-10-28,195,189,6,1457,0,74,19,5,12,2,2,209,68250,62419,5831,436122,0,15307,66668,12150,1227,13666,5702,5702,.13383666,,.081081077
2020-10-29,191,189,2,1282,0,65,13,3,14,4,4,292,68441,62608,5833,437404,0,15372,66960,12163,1230,13680,5706,5706,.14898595,,.030769231
2020-10-30,182,182,0,1563,0,73,13,2,22,9,9,245,68623,62790,5833,438967,0,15445,67205,12176,1232,13702,5715,5715,.11644274,,0
2020-10-31,144,142,2,1457,0,47,17,0,5,3,3,193,68767,62932,5835,440424,0,15492,67398,12193,1232,13707,5718,5718,.098833218,,.04255319
2020-11-01,51,51,0,388,0,0,11,2,27,5,5,42,68818,62983,5835,440812,0,15492,67440,12204,1234,13734,5723,5723,.13144329,,
2020-11-02,166,163,3,1351,0,64,13,1,12,4,4,245,68984,63146,5838,442163,0,15556,67685,12217,1235,13746,5727,5727,.12287195,,.046875
2020-11-03,290,278,12,2299,0,39,38,1,9,2,2,222,69274,63424,5850,444462,0,15595,67907,12255,1236,13755,5729,5729,.1261418,,.30769232
2020-11-04,254,253,1,2000,0,37,29,3,5,1,1,201,69528,63677,5851,446462,0,15632,68108,12284,1239,13760,5730,5730,.127,,.027027028
2020-11-05,221,214,7,1850,0,95,25,1,13,3,3,207,69749,63891,5858,448312,0,15727,68315,12309,1240,13773,5733,5733,.11945946,,.073684208
2020-11-06,246,244,2,1922,0,46,13,2,14,9,9,179,69995,64135,5860,450234,0,15773,68494,12322,1242,13787,5742,5742,.12799168,,.043478262
2020-11-07,238,236,2,1466,0,34,18,1,17,8,8,151,70233,64371,5862,451700,0,15807,68645,12340,1243,13804,5750,5750,.16234653,,.05882353
2020-11-08,285,283,2,1605,0,36,27,2,8,3,3,49,70518,64654,5864,453305,0,15843,68694,12367,1245,13812,5753,5753,.17757009,,.055555556
2020-11-09,152,151,1,1528,0,48,13,1,12,7,7,176,70670,64805,5865,454833,0,15891,68870,12380,1246,13824,5760,5760,.099476442,,.020833334
2020-11-10,196,195,1,1902,0,96,15,1,21,8,8,262,70866,65000,5866,456735,0,15987,69132,12395,1247,13845,5768,5768,.10304942,,.010416667
2020-11-11,167,165,2,1623,0,120,10,2,17,6,6,243,71033,65165,5868,458358,0,16107,69375,12405,1249,13862,5774,5774,.10289587,,.016666668
2020-11-12,168,160,8,1501,0,156,16,4,13,6,6,211,71201,65325,5876,459859,0,16263,69586,12421,1253,13875,5780,5780,.11192539,,.051282052
2020-11-13,183,181,2,1639,0,141,13,0,9,6,6,242,71384,65506,5878,461498,0,16404,69828,12434,1253,13884,5786,5786,.11165345,,.014184397
2020-11-14,133,129,4,1752,0,216,17,1,13,3,3,220,71517,65635,5882,463250,0,16620,70048,12451,1254,13897,5789,5789,.075913243,,.018518519
2020-11-15,40,40,0,381,0,2,3,1,18,7,7,258,71557,65675,5882,463631,0,16622,70306,12454,1255,13915,5796,5796,.10498688,,0
2020-11-16,178,170,8,1598,0,233,17,1,18,5,5,158,71735,65845,5890,465229,0,16855,70464,12471,1256,13933,5801,5801,.11138923,,.034334764
2020-11-17,170,169,1,1764,0,229,6,4,11,6,6,219,71905,66014,5891,466993,0,17084,70683,12477,1260,13944,5807,5807,.096371882,,.0043668123
2020-11-18,155,146,9,1422,0,230,19,1,8,2,2,175,72060,66160,5900,468415,0,17314,70858,12496,1261,13952,5809,5809,.10900141,,.039130434
2020-11-19,130,118,12,1362,0,165,27,1,11,7,7,169,72190,66278,5912,469777,0,17479,71027,12523,1262,13963,5816,5816,.095447868,,.07272727
2020-11-20,157,142,15,1380,0,122,26,0,25,18,18,183,72347,66420,5927,471157,0,17601,71210,12549,1262,13988,5834,5834,.11376812,,.12295082
2020-11-21,123,117,6,1354,0,34,8,1,9,6,6,148,72470,66537,5933,472511,0,17635,71358,12557,1263,13997,5840,5840,.090841949,,.17647059
2020-11-22,97,97,0,545,0,0,20,0,12,6,6,68,72567,66634,5933,473056,0,17635,71426,12577,1263,14009,5846,5846,.17798164,,
2020-11-23,156,149,7,1368,0,59,23,2,17,10,10,158,72723,66783,5940,474424,0,17694,71584,12600,1265,14026,5856,5856,.11403508,,.11864407
2020-11-24,200,195,5,1811,0,61,16,1,9,7,7,173,72923,66978,5945,476235,0,17755,71757,12616,1266,14035,5863,5863,.11043622,,.081967212
2020-11-25,191,182,9,1499,0,72,14,2,7,4,4,148,73114,67160,5954,477734,0,17827,71905,12630,1268,14042,5867,5867,.12741828,,.125
2020-11-26,145,132,13,1623,0,61,20,2,7,2,2,131,73259,67292,5967,479357,0,17888,72036,12650,1270,14049,5869,5869,.089340724,,.21311475
2020-11-27,274,253,21,2056,0,73,30,0,12,7,7,148,73533,67545,5988,481413,0,17961,72184,12680,1270,14061,5876,5876,.13326848,,.28767124
2020-11-28,274,270,4,2017,0,52,11,0,13,9,9,122,73807,67815,5992,483430,0,18013,72306,12691,1270,14074,5885,5885,.13584532,,.07692308
2020-11-29,28,28,0,312,0,2,8,2,11,7,7,90,73835,67843,5992,483742,0,18015,72396,12699,1272,14085,5892,5892,.089743592,,0
2020-11-30,161,151,10,1490,0,62,19,0,14,9,9,164,73996,67994,6002,485232,0,18077,72560,12718,1272,14099,5901,5901,.10805369,,.16129032
2020-12-01,136,117,19,1400,0,60,27,0,21,8,8,198,74132,68111,6021,486632,0,18137,72758,12745,1272,14120,5909,5909,.09714286,,.31666666
2020-12-02,134,131,3,1563,0,39,12,4,4,3,3,201,74266,68242,6024,488195,0,18176,72959,12757,1276,14124,5912,5912,.085732564,,.07692308
2020-12-03,95,85,10,1193,0,41,19,1,10,4,4,136,74361,68327,6034,489388,0,18217,73095,12776,1277,14134,5916,5916,.07963118,,.24390244
2020-12-04,149,131,18,1373,0,63,30,3,10,3,3,259,74510,68458,6052,490761,0,18280,73354,12806,1280,14144,5919,5919,.10852148,,.2857143
2020-12-05,118,116,2,1141,0,60,9,2,15,5,5,256,74628,68574,6054,491902,0,18340,73610,12815,1282,14159,5924,5924,.10341805,,.033333335
2020-12-06,36,36,0,285,0,1,2,0,6,1,1,36,74664,68610,6054,492187,0,18341,73646,12817,1282,14165,5925,5925,.12631579,,0
2020-12-07,110,106,4,1052,0,70,14,1,12,9,9,157,74774,68716,6058,493239,0,18411,73803,12831,1283,14177,5934,5934,.10456274,,.057142857
2020-12-08,67,61,6,787,0,75,9,1,8,6,6,120,74841,68777,6064,494026,0,18486,73923,12840,1284,14185,5940,5940,.085133418,,.079999998
2020-12-09,132,129,3,1500,0,31,11,4,9,5,5,142,74973,68906,6067,495526,0,18517,74065,12851,1288,14194,5945,5945,.088,,.096774191
2020-12-10,108,103,5,1323,0,58,15,2,15,12,12,110,75081,69009,6072,496849,0,18575,74175,12866,1290,14209,5957,5957,.081632651,,.086206898
2020-12-11,215,210,5,1702,0,71,18,1,14,11,11,149,75296,69219,6077,498551,0,18646,74324,12884,1291,14223,5968,5968,.12632197,,.070422538
2020-12-12,160,148,12,1237,0,50,21,1,12,8,8,126,75456,69367,6089,499788,0,18696,74450,12905,1292,14235,5976,5976,.12934519,,.23999999
2020-12-13,32,32,0,292,0,1,4,0,15,9,9,37,75488,69399,6089,500080,0,18697,74487,12909,1292,14250,5985,5985,.10958904,,0
2020-12-14,107,96,11,1125,0,61,25,3,19,14,14,119,75595,69495,6100,501205,0,18758,74606,12934,1295,14269,5999,5999,.095111109,,.18032786
2020-12-15,215,211,4,2071,0,88,24,3,27,20,20,95,75810,69706,6104,503276,0,18846,74701,12958,1298,14296,6019,6019,.10381458,,.045454547
2020-12-16,314,308,6,1931,0,52,18,2,18,12,12,127,76124,70014,6110,505207,0,18898,74828,12976,1300,14314,6031,6031,.16261005,,.11538462
2020-12-17,198,178,20,1810,0,109,28,2,19,19,19,100,76322,70192,6130,507017,0,19007,74928,13004,1302,14333,6050,6050,.10939226,,.18348624
2020-12-18,284,272,12,2232,0,82,22,0,17,12,12,236,76606,70464,6142,509249,0,19089,75164,13026,1302,14350,6062,6062,.12724014,,.14634146
2020-12-19,316,307,9,2391,0,32,18,0,10,6,6,157,76922,70771,6151,511640,0,19121,75321,13044,1302,14360,6068,6068,.13216227,,.28125
2020-12-20,44,44,0,330,0,0,2,0,14,9,9,29,76966,70815,6151,511970,0,19121,75350,13046,1302,14374,6077,6077,.13333334,,
2020-12-21,127,101,26,1170,0,88,35,2,13,9,9,108,77093,70916,6177,513140,0,19209,75458,13081,1304,14387,6086,6086,.10854701,,.29545453
2020-12-22,63,56,7,1053,0,62,10,4,20,15,15,175,77156,70972,6184,514193,0,19271,75633,13091,1308,14407,6101,6101,.05982906,,.11290322
2020-12-23,112,82,30,993,0,87,33,3,27,25,25,286,77268,71054,6214,515186,0,19358,75919,13124,1311,14434,6126,6126,.11278953,,.34482759
2020-12-24,67,59,8,461,0,40,13,1,30,22,22,183,77335,71113,6222,515647,0,19398,76102,13137,1312,14464,6148,6148,.14533623,,.2
2020-12-25,26,26,0,168,0,0,0,2,21,19,19,263,77361,71139,6222,515815,0,19398,76365,13137,1314,14485,6167,6167,.15476191,,
2020-12-26,76,59,17,773,0,60,18,0,27,17,17,306,77437,71198,6239,516588,0,19458,76671,13155,1314,14512,6184,6184,.098318242,,.28333333
2020-12-27,32,32,0,238,0,0,3,0,15,9,9,42,77469,71230,6239,516826,0,19458,76713,13158,1314,14527,6193,6193,.13445379,,
2020-12-28,108,94,14,881,0,58,21,4,38,26,26,112,77577,71324,6253,517707,0,19516,76825,13179,1318,14565,6219,6219,.12258797,,.24137931
2020-12-29,129,96,33,1083,0,86,35,0,28,19,19,92,77706,71420,6286,518790,0,19602,76917,13214,1318,14593,6238,6238,.11911357,,.38372093
2020-12-30,74,52,22,788,0,70,26,2,38,26,26,118,77780,71472,6308,519578,0,19672,77035,13240,1320,14631,6264,6264,.09390863,,.31428573
2020-12-31,71,46,25,755,0,100,29,1,28,22,22,94,77851,71518,6333,520333,0,19772,77129,13269,1321,14659,6286,6286,.094039738,,.25
2021-01-01,45,27,18,297,0,83,26,1,63,44,44,66,77896,71545,6351,520630,0,19855,77195,13295,1322,14722,6330,6330,.15151516,,.21686748
2021-01-02,62,58,4,636,0,34,6,0,48,28,28,88,77958,71603,6355,521266,0,19889,77283,13301,1322,14770,6358,6358,.097484276,,.11764706
2021-01-03,33,33,0,318,0,0,3,2,46,34,34,36,77991,71636,6355,521584,0,19889,77319,13304,1324,14816,6392,6392,.10377359,,
2021-01-04,137,107,30,1213,0,138,37,1,55,40,40,113,78128,71743,6385,522797,0,20027,77432,13341,1325,14871,6432,6432,.11294311,,.2173913
2021-01-05,109,89,20,1068,0,90,33,1,41,30,30,98,78237,71832,6405,523865,0,20117,77530,13374,1326,14912,6462,6462,.10205992,,.22222222
2021-01-06,147,97,50,1220,0,156,62,1,53,41,41,85,78384,71929,6455,525085,0,20273,77615,13436,1327,14965,6503,6503,.1204918,,.32051283
2021-01-07,148,118,30,1413,0,157,38,5,56,37,37,52,78532,72047,6485,526498,0,20430,77667,13474,1332,15021,6540,6540,.10474169,,.19108281
2021-01-08,186,143,43,1322,0,137,61,9,75,58,58,20,78718,72190,6528,527820,0,20567,77687,13535,1341,15096,6598,6598,.14069591,,.31386861
2021-01-09,133,109,24,1349,0,137,37,3,60,47,47,76,78851,72299,6552,529169,0,20704,77763,13572,1344,15156,6645,6645,.098591551,,.17518248
2021-01-10,58,58,0,402,0,1,7,4,111,84,84,30,78909,72357,6552,529571,0,20705,77793,13579,1348,15267,6729,6729,.1442786,,0
2021-01-11,167,136,31,1278,0,135,52,4,72,57,57,117,79076,72493,6583,530849,0,20840,77910,13631,1352,15339,6786,6786,.13067293,,.22962964
2021-01-12,162,113,49,1510,0,301,70,2,73,55,55,127,79238,72606,6632,532359,0,21141,78037,13701,1354,15412,6841,6841,.10728477,,.1627907
2021-01-13,162,99,63,1131,0,189,80,7,60,41,41,117,79400,72705,6695,533490,0,21330,78154,13781,1361,15472,6882,6882,.14323607,,.33333334
2021-01-14,197,146,51,1402,0,184,73,5,55,43,43,130,79597,72851,6746,534892,0,21514,78284,13854,1366,15527,6925,6925,.14051355,,.27717391
2021-01-15,400,356,44,2320,0,221,72,4,83,61,61,144,79997,73207,6790,537212,0,21735,78428,13926,1370,15610,6986,6986,.1724138,,.19909503
2021-01-16,301,198,103,1896,0,362,124,6,60,46,46,103,80298,73405,6893,539108,0,22097,78531,14050,1376,15670,7032,7032,.15875527,,.2845304
2021-01-17,68,64,4,394,0,4,26,5,59,46,46,57,80366,73469,6897,539502,0,22101,78588,14076,1381,15729,7078,7078,.17258883,,1
2021-01-18,267,184,83,1269,0,297,106,8,56,37,37,157,80633,73653,6980,540771,0,22398,78745,14182,1389,15785,7115,7115,.21040189,,.27946126
2021-01-19,197,147,50,1184,0,192,78,6,33,26,26,131,80830,73800,7030,541955,0,22590,78876,14260,1395,15818,7141,7141,.16638513,,.26041666
2021-01-20,312,203,109,1502,0,290,145,7,17,9,9,141,81142,74003,7139,543457,0,22880,79017,14405,1402,15835,7150,7150,.20772304,,.37586206
2021-01-21,260,208,52,1667,0,440,107,12,12,10,10,173,81402,74211,7191,545124,0,23320,79190,14512,1414,15847,7160,7160,.1559688,,.11818182
2021-01-22,273,196,77,1632,0,225,129,9,2,1,1,385,81675,74407,7268,546756,0,23545,79575,14641,1423,15849,7161,7161,.16727941,,.34222221
2021-01-23,253,130,123,1101,0,302,163,10,5,4,4,215,81928,74537,7391,547857,0,23847,79790,14804,1433,15854,7165,7165,.2297911,,.40728477
2021-01-24,79,76,3,355,0,3,26,3,5,3,3,67,82007,74613,7394,548212,0,23850,79857,14830,1436,15859,7168,7168,.22253521,,1
2021-01-25,179,174,5,1053,0,5,78,11,5,5,5,214,82186,74787,7399,549265,0,23855,80071,14908,1447,15864,7173,7173,.16999051,,1
2021-01-26,18,18,0,118,0,0,5,5,1,1,1,185,82204,74805,7399,549383,0,23855,80256,14913,1452,15865,7174,7174,.15254237,,
2021-01-27,,,,,,,,,,,,251,82204,74805,7399,549383,0,23855,80507,14913,1452,15865,7174,7174,,,
2021-01-28,,,,,,,,,,,,245,82204,74805,7399,549383,0,23855,80752,14913,1452,15865,7174,7174,,,
2021-01-29,,,,,,,,,,,,244,82204,74805,7399,549383,0,23855,80996,14913,1452,15865,7174,7174,,,
2021-01-30,,,,,,,,,,,,240,82204,74805,7399,549383,0,23855,81236,14913,1452,15865,7174,7174,,,
2021-01-31,,,,,,,,,,,,78,82204,74805,7399,549383,0,23855,81314,14913,1452,15865,7174,7174,,,
2021-02-01,,,,,,,,,,,,263,82204,74805,7399,549383,0,23855,81577,14913,1452,15865,7174,7174,,,
2021-02-02,,,,,,,,,,,,110,82204,74805,7399,549383,0,23855,81687,14913,1452,15865,7174,7174,,,
2021-02-03,,,,,,,,,,,,159,82204,74805,7399,549383,0,23855,81846,14913,1452,15865,7174,7174,,,
2021-02-04,,,,,,,,,,,,125,82204,74805,7399,549383,0,23855,81971,14913,1452,15865,7174,7174,,,
2021-02-05,,,,,,,,,,,,128,82204,74805,7399,549383,0,23855,82099,14913,1452,15865,7174,7174,,,
2021-02-06,,,,,,,,,,,,169,82204,74805,7399,549383,0,23855,82268,14913,1452,15865,7174,7174,,,
2021-02-07,,,,,,,,,,,,15,82204,74805,7399,549383,0,23855,82283,14913,1452,15865,7174,7174,,,
2021-02-08,,,,,,,,,,,,73,82204,74805,7399,549383,0,23855,82356,14913,1452,15865,7174,7174,,,
2021-02-09,,,,,,,,,,,,6,82204,74805,7399,549383,0,23855,82362,14913,1452,15865,7174,7174,,,
,0,0,0,2,0,0,0,2,0,0,0,0,82204,74805,7399,549385,0,23855,82362,14913,1454,15865,7174,7174,0,,
